driver,quali_delta_s,quali_se_s,quali_n
ALB,0.0,3.074457371025925e+18,9
STR,0.0,0.0,18
SAI,0.0,0.0,15
RUS,0.0,0.0,15
PIA,0.0,0.0,18
OCO,0.0,3.0744573709592586e+18,6
NOR,0.0,0.0,18
LEC,0.0,0.0,18
LAW,0.0,0.0,18
HUL,0.0,3.0744573709785923e+18,6
HAM,0.0,0.0,12
HAD,0.0,0.0,15
GAS,0.0,3.074457370940259e+18,6
COL,0.0,0.0,12
BOR,0.0,0.0,18
BEA,0.0,0.0,12
ANT,0.0,0.0,9
ALO,0.0,0.0,15
TSU,0.0,3.0744573709179254e+18,6
VER,0.0,0.0,18
